timestamp,unit_id,unit_type,empire_or_resistance,location_x,location_y,destination_x,destination_y,homeworld
2024-07-11 11:49:05,1,resistance_soldier,empire,5,5,10,1,Alderaan
2024-07-11 11:49:04,2,at-st,resistance,7,6,4,8,Corellia
2024-07-11 11:49:03,3,at-at,resistance,4,4,6,3,Eriadu
2024-07-11 11:49:02,4,at-at,empire,10,1,8,7,Skako
2024-07-11 11:49:01,5,unknown,resistance,4,8,10,3,Iridonia
2024-07-11 11:49:00,6,resistance_soldier,resistance,9,1,1,2,Tholoth
2024-07-11 11:48:59,7,tie_silencer,empire,6,5,7,5,Zolan
2024-07-11 11:48:58,8,at-st,resistance,8,1,5,7,Muunilinst
2024-07-11 11:48:57,9,tie_fighter,resistance,5,7,9,8,Naboo
2024-07-11 11:48:56,10,unknown,empire,5,9,7,2,Naboo
2024-07-11 11:48:55,11,stormtrooper,empire,4,1,5,10,Dagobah
2024-07-11 11:48:54,12,at-at,resistance,5,6,9,7,Bestine IV
2024-07-11 11:48:53,13,x-wing,empire,7,4,9,10,Tatooine
2024-07-11 11:48:52,14,stormtrooper,resistance,5,1,8,6,Umbara
2024-07-11 11:48:51,15,stormtrooper,empire,5,4,7,7,Aleen Minor
2024-07-11 11:48:50,16,x-wing,resistance,8,6,6,7,Troiken
2024-07-11 11:48:49,17,x-wing,resistance,5,6,2,6,Alderaan
2024-07-11 11:48:48,18,at-at,empire,7,2,10,5,Tholoth
2024-07-11 11:48:47,19,at-at,resistance,2,7,4,1,Dorin
2024-07-11 11:48:46,20,at-st,resistance,2,6,7,6,Shili
2024-07-11 11:48:45,21,resistance_soldier,empire,6,5,8,2,Champala
2024-07-11 11:48:44,22,at-st,empire,10,7,7,8,Aleen Minor
2024-07-11 11:48:43,23,tie_fighter,empire,6,7,8,6,Dorin
2024-07-11 11:48:42,24,at-at,resistance,4,5,6,9,Bestine IV
2024-07-11 11:48:41,25,at-st,empire,1,2,1,2,Shili
2024-07-11 11:48:40,26,unknown,empire,6,2,10,1,Bestine IV
2024-07-11 11:48:39,27,unknown,empire,3,3,10,2,Mon Cala
2024-07-11 11:48:38,28,x-wing,resistance,9,7,2,1,Skako
2024-07-11 11:48:37,29,unknown,resistance,9,5,5,4,Serenno
2024-07-11 11:48:36,30,tie_silencer,resistance,8,5,8,1,Naboo
2024-07-11 11:48:35,31,resistance_soldier,empire,2,6,3,5,Rodia
2024-07-11 11:48:34,32,unknown,resistance,5,3,8,2,Dagobah
2024-07-11 11:48:33,33,stormtrooper,resistance,2,1,8,7,Quermia
2024-07-11 11:48:32,34,unknown,empire,3,2,2,8,Quermia
2024-07-11 11:48:31,35,stormtrooper,resistance,4,3,8,2,Chandrila
2024-07-11 11:48:30,36,tie_fighter,empire,1,9,5,6,Troiken
2024-07-11 11:48:29,37,at-st,empire,10,6,9,10,Tund
2024-07-11 11:48:28,38,tie_fighter,empire,8,1,9,4,Umbara
2024-07-11 11:48:27,39,resistance_soldier,resistance,4,3,9,9,Dathomir
2024-07-11 11:48:26,40,at-st,resistance,2,10,1,9,Concord Dawn
2024-07-11 11:48:25,41,at-st,resistance,2,3,3,6,Vulpter
2024-07-11 11:48:24,42,unknown,resistance,8,5,1,3,Concord Dawn
2024-07-11 11:48:23,43,at-st,empire,1,8,10,4,Rodia
2024-07-11 11:48:22,44,resistance_soldier,empire,10,5,4,4,Toydaria
2024-07-11 11:48:21,45,x-wing,empire,4,7,2,10,Naboo
2024-07-11 11:48:20,46,stormtrooper,resistance,5,1,8,6,Chandrila
2024-07-11 11:48:19,47,at-st,resistance,9,3,7,1,Shili
2024-07-11 11:48:18,48,stormtrooper,empire,2,5,8,9,Troiken
2024-07-11 11:48:17,49,at-st,resistance,5,4,7,3,Iktotch
2024-07-11 11:48:16,50,at-at,empire,1,9,6,1,Trandosha
2024-07-11 11:48:15,51,resistance_soldier,resistance,10,7,2,6,Stewjon
2024-07-11 11:48:14,52,unknown,empire,6,7,8,10,Ojom
2024-07-11 11:48:13,53,stormtrooper,empire,3,1,6,10,Concord Dawn
2024-07-11 11:48:12,54,stormtrooper,empire,5,3,2,3,Chandrila
2024-07-11 11:48:11,55,stormtrooper,empire,3,8,8,7,Serenno
2024-07-11 11:48:10,56,tie_fighter,empire,1,2,10,10,Chandrila
2024-07-11 11:48:09,57,unknown,resistance,5,8,8,5,Ryloth
2024-07-11 11:48:08,58,stormtrooper,empire,8,1,10,5,Skako
2024-07-11 11:48:07,59,tie_silencer,resistance,10,8,10,9,Skako
2024-07-11 11:48:06,60,tie_silencer,resistance,3,10,5,9,Tund
2024-07-11 11:48:05,61,unknown,empire,4,3,5,9,Eriadu
2024-07-11 11:48:04,62,tie_silencer,resistance,6,6,5,4,Kalee
2024-07-11 11:48:03,63,x-wing,resistance,6,4,10,1,Quermia
2024-07-11 11:48:02,64,tie_fighter,empire,10,2,8,6,Quermia
2024-07-11 11:48:01,65,tie_fighter,resistance,3,9,9,2,Eriadu
2024-07-11 11:48:00,66,at-st,resistance,5,1,5,5,Alderaan
2024-07-11 11:47:59,67,tie_silencer,resistance,1,6,7,3,Muunilinst
2024-07-11 11:47:58,68,at-at,empire,2,9,9,8,Chandrila
2024-07-11 11:47:57,69,stormtrooper,resistance,1,8,7,6,Kalee
2024-07-11 11:47:56,70,x-wing,empire,6,7,10,9,Toydaria
2024-07-11 11:47:55,71,stormtrooper,resistance,7,3,10,6,Rodia
2024-07-11 11:47:54,72,x-wing,resistance,6,10,2,4,Dorin
2024-07-11 11:47:53,73,tie_fighter,resistance,9,6,2,7,Vulpter
2024-07-11 11:47:52,74,unknown,empire,8,6,3,4,Glee Anselm
2024-07-11 11:47:51,75,tie_silencer,resistance,8,8,9,3,Stewjon
2024-07-11 11:47:50,76,stormtrooper,empire,1,6,2,1,Socorro
2024-07-11 11:47:49,77,unknown,resistance,5,1,8,2,Naboo
2024-07-11 11:47:48,78,tie_silencer,resistance,1,4,6,6,Quermia
2024-07-11 11:47:47,79,tie_silencer,empire,1,5,6,2,Bestine IV
2024-07-11 11:47:46,80,at-st,empire,2,2,5,2,Muunilinst
2024-07-11 11:47:45,81,at-st,resistance,4,2,3,1,Eriadu
2024-07-11 11:47:44,82,unknown,resistance,3,3,5,8,Chandrila
2024-07-11 11:47:43,83,tie_fighter,empire,7,3,2,7,Malastare
2024-07-11 11:47:42,84,tie_fighter,resistance,1,6,8,6,Bestine IV
2024-07-11 11:47:41,85,x-wing,empire,8,8,6,4,Ojom
2024-07-11 11:47:40,86,stormtrooper,empire,7,4,4,1,Shili
2024-07-11 11:47:39,87,x-wing,resistance,1,10,7,7,Skako
2024-07-11 11:47:38,88,tie_silencer,resistance,10,6,3,7,Kashyyyk
2024-07-11 11:47:37,89,tie_silencer,resistance,3,5,5,4,Skako
2024-07-11 11:47:36,90,at-at,empire,8,5,1,10,Mon Cala
2024-07-11 11:47:35,91,unknown,empire,2,6,6,7,Troiken
2024-07-11 11:47:34,92,tie_silencer,empire,6,10,2,10,Sullust
2024-07-11 11:47:33,93,at-st,empire,4,10,7,10,Concord Dawn
2024-07-11 11:47:32,94,tie_silencer,empire,1,4,10,8,Toydaria
2024-07-11 11:47:31,95,at-st,resistance,9,8,4,9,Dathomir
2024-07-11 11:47:30,96,resistance_soldier,resistance,7,5,6,4,Socorro
2024-07-11 11:47:29,97,unknown,resistance,6,9,2,1,Dathomir
2024-07-11 11:47:28,98,stormtrooper,empire,3,5,10,6,Umbara
2024-07-11 11:47:27,99,tie_fighter,empire,7,8,10,8,Tund
2024-07-11 11:47:26,100,tie_fighter,empire,1,8,3,4,Sullust
2024-07-11 11:47:25,101,unknown,empire,4,2,9,3,Muunilinst
2024-07-11 11:47:24,102,tie_silencer,empire,7,9,7,9,Concord Dawn
2024-07-11 11:47:23,103,tie_silencer,empire,10,9,9,10,Iridonia
2024-07-11 11:47:22,104,tie_silencer,empire,5,7,6,3,Aleen Minor
2024-07-11 11:47:21,105,x-wing,empire,5,8,7,1,Aleen Minor
2024-07-11 11:47:20,106,unknown,empire,8,5,3,2,Haruun Kal
2024-07-11 11:47:19,107,tie_fighter,empire,5,1,10,3,Malastare
2024-07-11 11:47:18,108,stormtrooper,resistance,2,4,4,5,Skako
2024-07-11 11:47:17,109,unknown,empire,9,6,3,9,Umbara
2024-07-11 11:47:16,110,x-wing,empire,8,6,9,2,Dagobah
2024-07-11 11:47:15,111,x-wing,empire,6,1,7,7,Muunilinst
2024-07-11 11:47:14,112,at-at,resistance,1,6,6,9,Ojom
2024-07-11 11:47:13,113,x-wing,resistance,9,3,6,1,Chandrila
2024-07-11 11:47:12,114,x-wing,resistance,4,4,5,4,Tund
2024-07-11 11:47:11,115,tie_silencer,resistance,10,10,8,9,Aleen Minor
2024-07-11 11:47:10,116,tie_silencer,resistance,6,5,2,10,Quermia
2024-07-11 11:47:09,117,at-st,resistance,4,6,7,10,Trandosha
2024-07-11 11:47:08,118,tie_silencer,resistance,1,9,9,1,Kashyyyk
2024-07-11 11:47:07,119,at-at,empire,6,3,6,2,Naboo
2024-07-11 11:47:06,120,at-st,resistance,2,8,3,8,Champala
2024-07-11 11:47:05,121,stormtrooper,empire,8,5,4,7,Dathomir
2024-07-11 11:47:04,122,at-st,empire,8,8,9,7,Stewjon
2024-07-11 11:47:03,123,at-st,empire,3,9,1,7,Ryloth
2024-07-11 11:47:02,124,tie_silencer,resistance,8,5,10,8,Trandosha
2024-07-11 11:47:01,125,at-at,empire,10,3,2,1,Toydaria
2024-07-11 11:47:00,126,x-wing,empire,10,1,3,2,Socorro
2024-07-11 11:46:59,127,x-wing,resistance,10,2,3,3,Muunilinst
2024-07-11 11:46:58,128,at-st,resistance,7,1,8,1,Dorin
2024-07-11 11:46:57,129,resistance_soldier,resistance,7,10,10,2,Dorin
2024-07-11 11:46:56,130,x-wing,resistance,5,10,6,6,Mirial
2024-07-11 11:46:55,131,tie_fighter,empire,2,7,5,7,Iktotch
2024-07-11 11:46:54,132,at-at,empire,3,1,10,8,Kalee
2024-07-11 11:46:53,133,tie_silencer,resistance,7,5,1,1,Skako
2024-07-11 11:46:52,134,tie_fighter,empire,2,6,6,7,Troiken
2024-07-11 11:46:51,135,at-st,resistance,10,8,5,5,Ryloth
2024-07-11 11:46:50,136,stormtrooper,resistance,4,1,8,4,Cerea
2024-07-11 11:46:49,137,resistance_soldier,resistance,2,6,1,6,Tatooine
2024-07-11 11:46:48,138,tie_fighter,empire,3,2,5,7,Sullust
2024-07-11 11:46:47,139,tie_fighter,resistance,6,5,1,8,Umbara
2024-07-11 11:46:46,140,resistance_soldier,resistance,3,7,8,10,Mirial
2024-07-11 11:46:45,141,resistance_soldier,empire,9,7,3,6,Malastare
2024-07-11 11:46:44,142,at-at,resistance,2,2,4,8,Dorin
2024-07-11 11:46:43,143,tie_fighter,resistance,8,7,5,6,Champala
2024-07-11 11:46:42,144,x-wing,empire,2,2,8,6,Cerea
2024-07-11 11:46:41,145,unknown,empire,2,3,2,6,Malastare
2024-07-11 11:46:40,146,at-st,empire,4,2,9,7,Malastare
2024-07-11 11:46:39,147,tie_silencer,empire,6,2,8,2,Ojom
2024-07-11 11:46:38,148,tie_silencer,empire,7,9,2,6,Mirial
2024-07-11 11:46:37,149,at-at,empire,2,6,8,5,Bestine IV
2024-07-11 11:46:36,150,tie_fighter,resistance,3,7,3,3,Ojom
2024-07-11 11:46:35,151,at-st,resistance,3,4,5,1,Troiken
2024-07-11 11:46:34,152,resistance_soldier,resistance,5,6,2,5,Concord Dawn
2024-07-11 11:46:33,153,stormtrooper,empire,5,10,4,10,Kashyyyk
2024-07-11 11:46:32,154,at-st,empire,10,6,4,9,Tholoth
2024-07-11 11:46:31,155,x-wing,empire,2,4,7,5,Umbara
2024-07-11 11:46:30,156,unknown,resistance,7,1,3,2,Dorin
2024-07-11 11:46:29,157,tie_silencer,resistance,3,6,1,4,Haruun Kal
2024-07-11 11:46:28,158,tie_fighter,resistance,6,8,7,6,Naboo
2024-07-11 11:46:27,159,at-at,empire,3,5,3,9,Zolan
2024-07-11 11:46:26,160,tie_fighter,empire,2,7,6,2,Kashyyyk
2024-07-11 11:46:25,161,at-st,empire,7,4,3,6,Glee Anselm
2024-07-11 11:46:24,162,at-at,empire,5,2,1,4,Troiken
2024-07-11 11:46:23,163,at-st,resistance,6,7,10,8,Iktotch
2024-07-11 11:46:22,164,unknown,empire,1,2,10,7,Champala
2024-07-11 11:46:21,165,tie_fighter,empire,10,5,3,7,Corellia
2024-07-11 11:46:20,166,tie_silencer,empire,8,1,10,1,Umbara
2024-07-11 11:46:19,167,at-st,empire,2,7,9,7,Malastare
2024-07-11 11:46:18,168,stormtrooper,empire,8,7,1,1,Mirial
2024-07-11 11:46:17,169,at-st,resistance,6,10,5,2,Quermia
2024-07-11 11:46:16,170,tie_silencer,empire,2,1,4,7,Ryloth
2024-07-11 11:46:15,171,x-wing,resistance,3,3,1,9,Eriadu
2024-07-11 11:46:14,172,at-st,resistance,9,5,10,3,Stewjon
2024-07-11 11:46:13,173,resistance_soldier,empire,9,7,9,5,Dagobah
2024-07-11 11:46:12,174,tie_fighter,resistance,2,2,9,4,Dagobah
2024-07-11 11:46:11,175,stormtrooper,resistance,10,5,1,3,Dorin
2024-07-11 11:46:10,176,tie_fighter,empire,6,6,3,8,Kashyyyk
2024-07-11 11:46:09,177,at-at,empire,1,5,8,9,Mirial
2024-07-11 11:46:08,178,tie_silencer,empire,4,7,9,4,Sullust
2024-07-11 11:46:07,179,tie_silencer,resistance,4,1,5,8,Rodia
2024-07-11 11:46:06,180,tie_silencer,empire,10,2,8,8,Dagobah
2024-07-11 11:46:05,181,x-wing,resistance,3,9,8,4,Serenno
2024-07-11 11:46:04,182,tie_silencer,empire,3,7,7,9,Stewjon
2024-07-11 11:46:03,183,at-at,resistance,10,6,2,3,Shili
2024-07-11 11:46:02,184,at-at,empire,10,7,4,6,Concord Dawn
2024-07-11 11:46:01,185,stormtrooper,resistance,7,3,9,10,Tund
2024-07-11 11:46:00,186,stormtrooper,resistance,3,10,1,10,Muunilinst
2024-07-11 11:45:59,187,resistance_soldier,empire,6,5,5,1,Vulpter
2024-07-11 11:45:58,188,tie_fighter,resistance,10,9,9,1,Champala
2024-07-11 11:45:57,189,stormtrooper,resistance,7,3,10,4,Tholoth
2024-07-11 11:45:56,190,stormtrooper,resistance,5,6,2,10,Aleen Minor
2024-07-11 11:45:55,191,at-at,resistance,6,3,3,6,Eriadu
2024-07-11 11:45:54,192,at-at,resistance,3,7,8,3,Socorro
2024-07-11 11:45:53,193,stormtrooper,empire,9,7,9,3,Serenno
2024-07-11 11:45:52,194,at-at,empire,8,8,3,2,Umbara
2024-07-11 11:45:51,195,x-wing,resistance,5,5,3,3,Iktotch
2024-07-11 11:45:50,196,resistance_soldier,empire,10,2,1,1,Eriadu
2024-07-11 11:45:49,197,unknown,empire,5,2,9,7,Rodia
2024-07-11 11:45:48,198,stormtrooper,resistance,2,6,2,9,Mon Cala
2024-07-11 11:45:47,199,tie_fighter,empire,6,2,6,1,Corellia
2024-07-11 11:45:46,200,stormtrooper,resistance,6,8,6,4,Dagobah
2024-07-11 11:45:45,201,unknown,resistance,9,9,4,9,Chandrila
2024-07-11 11:45:44,202,tie_silencer,empire,2,1,4,3,Dorin
2024-07-11 11:45:43,203,at-at,empire,9,7,7,3,Tholoth
2024-07-11 11:45:42,204,x-wing,resistance,8,1,5,7,Dorin
2024-07-11 11:45:41,205,unknown,empire,1,7,6,9,Stewjon
2024-07-11 11:45:40,206,at-at,empire,4,6,4,2,Iktotch
2024-07-11 11:45:39,207,x-wing,empire,10,9,7,1,Ryloth
2024-07-11 11:45:38,208,resistance_soldier,empire,9,4,10,8,Kalee
2024-07-11 11:45:37,209,tie_fighter,empire,8,9,5,10,Iridonia
2024-07-11 11:45:36,210,at-at,empire,1,1,7,3,Zolan
2024-07-11 11:45:35,211,resistance_soldier,resistance,6,7,6,10,Glee Anselm
2024-07-11 11:45:34,212,tie_fighter,empire,8,3,10,10,Socorro
2024-07-11 11:45:33,213,tie_silencer,empire,4,9,2,5,Aleen Minor
2024-07-11 11:45:32,214,tie_silencer,resistance,6,7,2,8,Tund
2024-07-11 11:45:31,215,tie_fighter,resistance,8,7,2,8,Toydaria
2024-07-11 11:45:30,216,unknown,resistance,4,5,5,7,Alderaan
2024-07-11 11:45:29,217,resistance_soldier,resistance,3,6,2,10,Ryloth
2024-07-11 11:45:28,218,x-wing,empire,2,5,4,3,Eriadu
2024-07-11 11:45:27,219,tie_fighter,empire,7,4,8,7,Dorin
2024-07-11 11:45:26,220,at-st,empire,5,7,10,2,Mon Cala
2024-07-11 11:45:25,221,unknown,empire,8,7,9,8,Shili
2024-07-11 11:45:24,222,resistance_soldier,resistance,9,8,5,4,Quermia
2024-07-11 11:45:23,223,tie_fighter,empire,9,6,2,8,Troiken
2024-07-11 11:45:22,224,x-wing,empire,10,9,2,7,Zolan
2024-07-11 11:45:21,225,unknown,resistance,3,10,4,10,Aleen Minor
2024-07-11 11:45:20,226,at-at,empire,2,6,5,1,Dagobah
2024-07-11 11:45:19,227,at-st,resistance,8,1,9,10,Toydaria
2024-07-11 11:45:18,228,at-st,empire,7,8,8,5,Muunilinst
2024-07-11 11:45:17,229,at-st,resistance,7,10,6,7,Trandosha
2024-07-11 11:45:16,230,unknown,empire,3,4,5,4,Naboo
2024-07-11 11:45:15,231,at-at,resistance,10,9,10,3,Malastare
2024-07-11 11:45:14,232,tie_fighter,empire,4,4,6,5,Dagobah
2024-07-11 11:45:13,233,stormtrooper,empire,2,3,2,10,Glee Anselm
2024-07-11 11:45:12,234,resistance_soldier,resistance,7,2,7,9,Naboo
2024-07-11 11:45:11,235,tie_fighter,empire,8,8,6,2,Malastare
2024-07-11 11:45:10,236,at-at,empire,4,4,5,7,Aleen Minor
2024-07-11 11:45:09,237,at-st,resistance,2,10,6,2,Mirial
2024-07-11 11:45:08,238,unknown,resistance,7,10,3,10,Zolan
2024-07-11 11:45:07,239,tie_fighter,resistance,5,2,9,10,Champala
2024-07-11 11:45:06,240,tie_silencer,resistance,2,3,5,7,Ryloth
2024-07-11 11:45:05,241,x-wing,resistance,1,8,10,10,Aleen Minor
2024-07-11 11:45:04,242,tie_fighter,empire,10,7,10,5,Quermia
2024-07-11 11:45:03,243,at-at,empire,9,10,10,5,Haruun Kal
2024-07-11 11:45:02,244,at-st,resistance,4,5,2,2,Kashyyyk
2024-07-11 11:45:01,245,tie_silencer,empire,8,7,8,3,Aleen Minor
2024-07-11 11:45:00,246,tie_fighter,resistance,4,4,3,4,Bestine IV
2024-07-11 11:44:59,247,stormtrooper,empire,4,2,6,10,Dagobah
2024-07-11 11:44:58,248,at-at,resistance,3,2,9,4,Kalee
2024-07-11 11:44:57,249,x-wing,resistance,9,6,9,2,Zolan
2024-07-11 11:44:56,250,at-st,empire,8,5,2,1,Vulpter
2024-07-11 11:44:55,251,resistance_soldier,resistance,3,8,5,10,Rodia
2024-07-11 11:44:54,252,tie_fighter,empire,10,3,6,5,Stewjon
2024-07-11 11:44:53,253,resistance_soldier,empire,2,4,1,2,Tholoth
2024-07-11 11:44:52,254,tie_silencer,empire,2,5,6,4,Socorro
2024-07-11 11:44:51,255,resistance_soldier,empire,4,10,5,9,Iridonia
2024-07-11 11:44:50,256,at-at,resistance,3,10,10,9,Shili
2024-07-11 11:44:49,257,unknown,empire,8,4,8,1,Mon Cala
2024-07-11 11:44:48,258,unknown,empire,5,9,6,8,Socorro
2024-07-11 11:44:47,259,x-wing,resistance,9,2,7,4,Skako
2024-07-11 11:44:46,260,resistance_soldier,resistance,1,4,7,4,Mon Cala
2024-07-11 11:44:45,261,tie_fighter,empire,7,9,10,3,Troiken
2024-07-11 11:44:44,262,tie_fighter,resistance,7,4,10,7,Iktotch
2024-07-11 11:44:43,263,at-at,resistance,5,9,7,6,Bestine IV
2024-07-11 11:44:42,264,at-st,resistance,9,6,1,4,Sullust
2024-07-11 11:44:41,265,at-at,empire,5,9,2,2,Glee Anselm
2024-07-11 11:44:40,266,at-st,resistance,1,10,4,7,Malastare
2024-07-11 11:44:39,267,at-at,resistance,8,9,3,9,Dorin
2024-07-11 11:44:38,268,stormtrooper,empire,2,9,4,2,Skako
2024-07-11 11:44:37,269,x-wing,empire,6,4,9,1,Trandosha
2024-07-11 11:44:36,270,resistance_soldier,empire,1,5,9,1,Troiken
2024-07-11 11:44:35,271,unknown,empire,6,3,1,7,Concord Dawn
2024-07-11 11:44:34,272,resistance_soldier,empire,3,7,1,6,Troiken
2024-07-11 11:44:33,273,stormtrooper,empire,6,9,4,4,Troiken
2024-07-11 11:44:32,274,x-wing,empire,6,5,7,4,Tund
2024-07-11 11:44:31,275,tie_fighter,empire,10,3,4,6,Chandrila
2024-07-11 11:44:30,276,tie_fighter,resistance,1,7,8,3,Sullust
2024-07-11 11:44:29,277,resistance_soldier,empire,1,3,3,10,Muunilinst
2024-07-11 11:44:28,278,unknown,empire,4,9,2,6,Mirial
2024-07-11 11:44:27,279,resistance_soldier,resistance,3,6,8,9,Haruun Kal
2024-07-11 11:44:26,280,at-st,resistance,6,2,6,6,Aleen Minor
2024-07-11 11:44:25,281,tie_silencer,resistance,3,3,10,10,Concord Dawn
2024-07-11 11:44:24,282,tie_silencer,resistance,6,7,8,4,Cerea
2024-07-11 11:44:23,283,at-at,resistance,5,10,8,2,Rodia
2024-07-11 11:44:22,284,resistance_soldier,empire,2,1,10,5,Dorin
2024-07-11 11:44:21,285,x-wing,empire,5,3,1,1,Champala
2024-07-11 11:44:20,286,tie_fighter,resistance,10,6,10,3,Socorro
2024-07-11 11:44:19,287,x-wing,resistance,4,2,2,7,Mirial
2024-07-11 11:44:18,288,x-wing,resistance,4,4,5,2,Muunilinst
2024-07-11 11:44:17,289,unknown,resistance,1,10,6,1,Umbara
2024-07-11 11:44:16,290,unknown,resistance,3,9,1,3,Muunilinst
2024-07-11 11:44:15,291,stormtrooper,resistance,6,2,10,6,Sullust
2024-07-11 11:44:14,292,at-at,empire,6,2,2,5,Stewjon
2024-07-11 11:44:13,293,at-at,resistance,10,10,8,9,Concord Dawn
2024-07-11 11:44:12,294,stormtrooper,empire,6,6,2,4,Tatooine
2024-07-11 11:44:11,295,at-at,empire,4,7,1,4,Kalee
2024-07-11 11:44:10,296,x-wing,resistance,10,7,8,5,Trandosha
2024-07-11 11:44:09,297,unknown,resistance,6,3,10,5,Toydaria
2024-07-11 11:44:08,298,tie_fighter,resistance,3,2,3,1,Serenno
2024-07-11 11:44:07,299,at-st,empire,2,10,4,6,Corellia
2024-07-11 11:44:06,300,stormtrooper,empire,7,4,7,7,Shili
2024-07-11 11:44:05,301,at-at,empire,4,6,7,2,Zolan
2024-07-11 11:44:04,302,at-st,empire,5,3,7,1,Iridonia
2024-07-11 11:44:03,303,x-wing,empire,4,10,7,6,Mon Cala
2024-07-11 11:44:02,304,at-st,empire,3,2,7,9,Mirial
2024-07-11 11:44:01,305,stormtrooper,empire,4,5,9,6,Aleen Minor
2024-07-11 11:44:00,306,at-st,resistance,8,9,9,8,Kalee
2024-07-11 11:43:59,307,x-wing,empire,4,2,9,5,Iridonia
2024-07-11 11:43:58,308,resistance_soldier,empire,5,10,8,1,Concord Dawn
2024-07-11 11:43:57,309,unknown,resistance,6,1,10,7,Malastare
2024-07-11 11:43:56,310,x-wing,empire,9,7,4,1,Cerea
2024-07-11 11:43:55,311,tie_silencer,resistance,8,5,1,7,Ryloth
2024-07-11 11:43:54,312,unknown,resistance,10,1,6,7,Tholoth
2024-07-11 11:43:53,313,resistance_soldier,empire,7,10,9,3,Dorin
2024-07-11 11:43:52,314,stormtrooper,resistance,1,2,4,10,Trandosha
2024-07-11 11:43:51,315,unknown,resistance,10,6,7,10,Cerea
2024-07-11 11:43:50,316,at-at,empire,1,9,10,4,Champala
2024-07-11 11:43:49,317,tie_silencer,resistance,6,8,9,4,Tatooine
2024-07-11 11:43:48,318,at-at,resistance,5,5,3,6,Chandrila
2024-07-11 11:43:47,319,at-at,empire,2,6,5,3,Zolan
2024-07-11 11:43:46,320,unknown,resistance,2,9,2,5,Alderaan
2024-07-11 11:43:45,321,resistance_soldier,empire,5,3,1,10,Cerea
2024-07-11 11:43:44,322,tie_fighter,resistance,4,2,6,7,Toydaria
2024-07-11 11:43:43,323,at-at,empire,10,3,8,10,Shili
2024-07-11 11:43:42,324,tie_silencer,resistance,10,1,2,10,Vulpter
2024-07-11 11:43:41,325,resistance_soldier,empire,10,10,2,2,Iktotch
2024-07-11 11:43:40,326,resistance_soldier,resistance,4,4,10,5,Mon Cala
2024-07-11 11:43:39,327,stormtrooper,resistance,9,2,8,10,Tund
2024-07-11 11:43:38,328,resistance_soldier,empire,8,4,5,4,Ojom
2024-07-11 11:43:37,329,tie_silencer,empire,5,10,7,9,Glee Anselm
2024-07-11 11:43:36,330,resistance_soldier,empire,10,4,5,7,Mirial
2024-07-11 11:43:35,331,resistance_soldier,empire,3,4,1,4,Ojom
2024-07-11 11:43:34,332,x-wing,empire,6,5,9,9,Ojom
2024-07-11 11:43:33,333,tie_silencer,empire,7,6,10,1,Vulpter
2024-07-11 11:43:32,334,unknown,resistance,7,6,3,5,Trandosha
2024-07-11 11:43:31,335,unknown,resistance,3,10,1,5,Aleen Minor
2024-07-11 11:43:30,336,at-st,resistance,4,7,8,2,Ojom
2024-07-11 11:43:29,337,stormtrooper,empire,3,2,5,2,Cerea
2024-07-11 11:43:28,338,at-st,empire,7,2,9,10,Haruun Kal
2024-07-11 11:43:27,339,x-wing,resistance,7,6,8,9,Haruun Kal
2024-07-11 11:43:26,340,at-at,resistance,2,8,4,8,Quermia
2024-07-11 11:43:25,341,unknown,empire,7,3,9,7,Tholoth
2024-07-11 11:43:24,342,tie_fighter,empire,5,6,3,8,Champala
2024-07-11 11:43:23,343,at-st,empire,7,4,10,2,Champala
2024-07-11 11:43:22,344,resistance_soldier,resistance,1,2,8,7,Rodia
2024-07-11 11:43:21,345,tie_silencer,empire,3,2,6,10,Chandrila
2024-07-11 11:43:20,346,at-st,empire,10,3,5,5,Serenno
2024-07-11 11:43:19,347,stormtrooper,resistance,1,1,10,2,Concord Dawn
2024-07-11 11:43:18,348,stormtrooper,empire,5,1,3,2,Kalee
2024-07-11 11:43:17,349,unknown,empire,3,9,8,6,Tholoth
2024-07-11 11:43:16,350,stormtrooper,resistance,3,4,1,5,Mirial
2024-07-11 11:43:15,351,x-wing,empire,8,9,10,4,Aleen Minor
2024-07-11 11:43:14,352,x-wing,empire,2,4,5,3,Chandrila
2024-07-11 11:43:13,353,tie_fighter,resistance,10,4,9,7,Dathomir
2024-07-11 11:43:12,354,tie_silencer,resistance,7,3,6,5,Ryloth
2024-07-11 11:43:11,355,at-st,resistance,4,7,8,6,Shili
2024-07-11 11:43:10,356,tie_silencer,empire,3,1,8,6,Kalee
2024-07-11 11:43:09,357,tie_silencer,empire,10,10,5,8,Ryloth
2024-07-11 11:43:08,358,unknown,resistance,7,5,8,7,Bestine IV
2024-07-11 11:43:07,359,tie_fighter,empire,3,2,4,2,Shili
2024-07-11 11:43:06,360,x-wing,resistance,3,6,10,8,Eriadu
2024-07-11 11:43:05,361,tie_fighter,resistance,9,2,6,10,Glee Anselm
2024-07-11 11:43:04,362,tie_fighter,empire,3,3,8,5,Umbara
2024-07-11 11:43:03,363,tie_fighter,empire,6,9,2,5,Vulpter
2024-07-11 11:43:02,364,at-at,empire,7,10,4,9,Muunilinst
2024-07-11 11:43:01,365,resistance_soldier,empire,2,10,5,4,Corellia
2024-07-11 11:43:00,366,at-at,resistance,4,8,2,10,Stewjon
2024-07-11 11:42:59,367,resistance_soldier,empire,9,4,10,9,Alderaan
2024-07-11 11:42:58,368,tie_fighter,resistance,8,1,5,7,Sullust
2024-07-11 11:42:57,369,unknown,empire,10,9,1,8,Haruun Kal
2024-07-11 11:42:56,370,resistance_soldier,empire,8,2,1,5,Skako
2024-07-11 11:42:55,371,tie_silencer,empire,7,2,10,8,Tholoth
2024-07-11 11:42:54,372,x-wing,resistance,6,10,7,3,Mirial
2024-07-11 11:42:53,373,tie_silencer,resistance,3,10,5,7,Vulpter
2024-07-11 11:42:52,374,tie_silencer,resistance,2,4,3,7,Sullust
2024-07-11 11:42:51,375,at-at,empire,6,10,8,2,Eriadu
2024-07-11 11:42:50,376,tie_fighter,resistance,2,5,1,4,Kalee
2024-07-11 11:42:49,377,tie_fighter,empire,10,10,10,9,Umbara
2024-07-11 11:42:48,378,x-wing,resistance,4,4,9,2,Dathomir
2024-07-11 11:42:47,379,stormtrooper,resistance,8,7,5,8,Socorro
2024-07-11 11:42:46,380,x-wing,empire,2,7,3,10,Toydaria
2024-07-11 11:42:45,381,unknown,empire,4,3,3,1,Iridonia
2024-07-11 11:42:44,382,x-wing,empire,2,3,1,5,Shili
2024-07-11 11:42:43,383,stormtrooper,resistance,3,8,2,1,Kalee
2024-07-11 11:42:42,384,unknown,resistance,2,2,3,4,Dagobah
2024-07-11 11:42:41,385,x-wing,resistance,1,2,3,1,Vulpter
2024-07-11 11:42:40,386,unknown,empire,9,3,1,8,Chandrila
2024-07-11 11:42:39,387,stormtrooper,resistance,3,9,10,7,Trandosha
2024-07-11 11:42:38,388,x-wing,empire,1,8,10,1,Aleen Minor
2024-07-11 11:42:37,389,at-at,resistance,7,4,10,2,Corellia
2024-07-11 11:42:36,390,stormtrooper,resistance,7,2,4,7,Bestine IV
2024-07-11 11:42:35,391,stormtrooper,resistance,9,2,5,9,Iridonia
2024-07-11 11:42:34,392,at-st,empire,3,5,5,6,Ryloth
2024-07-11 11:42:33,393,at-st,empire,8,5,4,5,Eriadu
2024-07-11 11:42:32,394,tie_silencer,empire,3,2,9,10,Dathomir
2024-07-11 11:42:31,395,x-wing,empire,5,6,2,1,Tholoth
2024-07-11 11:42:30,396,resistance_soldier,resistance,3,2,8,3,Alderaan
2024-07-11 11:42:29,397,tie_silencer,empire,2,2,2,7,Tholoth
2024-07-11 11:42:28,398,tie_silencer,empire,2,1,1,8,Iktotch
2024-07-11 11:42:27,399,at-at,resistance,6,7,3,7,Concord Dawn
2024-07-11 11:42:26,400,stormtrooper,resistance,1,2,10,10,Eriadu
2024-07-11 11:42:25,401,at-st,resistance,5,1,6,6,Champala
2024-07-11 11:42:24,402,at-st,empire,2,7,2,7,Malastare
2024-07-11 11:42:23,403,unknown,resistance,8,4,1,5,Shili
2024-07-11 11:42:22,404,stormtrooper,resistance,3,9,2,2,Dorin
2024-07-11 11:42:21,405,tie_silencer,empire,6,10,7,2,Kalee
2024-07-11 11:42:20,406,unknown,resistance,8,4,6,4,Kashyyyk
2024-07-11 11:42:19,407,tie_fighter,resistance,3,8,4,7,Rodia
2024-07-11 11:42:18,408,stormtrooper,resistance,9,9,1,5,Umbara
2024-07-11 11:42:17,409,unknown,resistance,4,10,1,4,Trandosha
2024-07-11 11:42:16,410,resistance_soldier,empire,9,4,10,7,Shili
2024-07-11 11:42:15,411,stormtrooper,empire,6,10,9,7,Ryloth
2024-07-11 11:42:14,412,tie_fighter,resistance,4,4,1,2,Mon Cala
2024-07-11 11:42:13,413,at-st,empire,7,4,7,8,Dorin
2024-07-11 11:42:12,414,unknown,empire,5,6,7,3,Dathomir
2024-07-11 11:42:11,415,unknown,empire,8,2,3,2,Serenno
2024-07-11 11:42:10,416,resistance_soldier,resistance,1,2,10,7,Eriadu
2024-07-11 11:42:09,417,tie_silencer,resistance,6,10,7,4,Dorin
2024-07-11 11:42:08,418,x-wing,resistance,7,8,4,2,Naboo
2024-07-11 11:42:07,419,resistance_soldier,empire,6,5,3,3,Mirial
2024-07-11 11:42:06,420,unknown,resistance,1,1,8,9,Tatooine
2024-07-11 11:42:05,421,tie_fighter,empire,7,6,7,8,Dathomir
2024-07-11 11:42:04,422,at-at,empire,6,2,1,8,Iktotch
2024-07-11 11:42:03,423,resistance_soldier,resistance,3,6,1,7,Stewjon
2024-07-11 11:42:02,424,tie_fighter,empire,5,3,2,7,Umbara
2024-07-11 11:42:01,425,at-st,resistance,3,10,4,8,Dorin
2024-07-11 11:42:00,426,at-at,empire,4,7,4,10,Kashyyyk
2024-07-11 11:41:59,427,resistance_soldier,empire,5,7,7,6,Zolan
2024-07-11 11:41:58,428,resistance_soldier,resistance,3,1,4,7,Aleen Minor
2024-07-11 11:41:57,429,tie_fighter,resistance,10,7,1,8,Tatooine
2024-07-11 11:41:56,430,stormtrooper,empire,9,4,4,4,Tholoth
2024-07-11 11:41:55,431,at-st,resistance,7,10,1,10,Skako
2024-07-11 11:41:54,432,at-st,resistance,8,3,6,9,Chandrila
2024-07-11 11:41:53,433,unknown,empire,2,4,7,1,Kashyyyk
2024-07-11 11:41:52,434,at-at,resistance,7,10,4,3,Toydaria
2024-07-11 11:41:51,435,x-wing,resistance,5,3,2,3,Kalee
2024-07-11 11:41:50,436,tie_silencer,resistance,7,3,4,2,Haruun Kal
2024-07-11 11:41:49,437,tie_silencer,empire,9,6,7,7,Vulpter
2024-07-11 11:41:48,438,x-wing,resistance,3,7,8,6,Alderaan
2024-07-11 11:41:47,439,at-st,empire,6,1,3,1,Tatooine
2024-07-11 11:41:46,440,at-st,empire,3,2,8,3,Malastare
2024-07-11 11:41:45,441,tie_fighter,resistance,3,10,4,7,Troiken
2024-07-11 11:41:44,442,at-at,resistance,6,9,1,5,Eriadu
2024-07-11 11:41:43,443,tie_silencer,resistance,6,9,4,9,Cerea
2024-07-11 11:41:42,444,unknown,resistance,8,5,7,4,Dathomir
2024-07-11 11:41:41,445,resistance_soldier,resistance,10,1,8,9,Champala
2024-07-11 11:41:40,446,at-at,empire,8,4,1,4,Concord Dawn
2024-07-11 11:41:39,447,unknown,resistance,8,7,4,3,Stewjon
2024-07-11 11:41:38,448,resistance_soldier,resistance,8,2,4,9,Socorro
2024-07-11 11:41:37,449,at-st,resistance,8,5,1,9,Corellia
2024-07-11 11:41:36,450,stormtrooper,empire,7,3,6,9,Umbara
2024-07-11 11:41:35,451,tie_silencer,resistance,10,9,9,10,Trandosha
2024-07-11 11:41:34,452,x-wing,empire,5,6,7,8,Skako
2024-07-11 11:41:33,453,tie_fighter,empire,3,2,9,7,Glee Anselm
2024-07-11 11:41:32,454,at-at,empire,2,2,2,8,Serenno
2024-07-11 11:41:31,455,tie_silencer,resistance,9,2,4,2,Kashyyyk
2024-07-11 11:41:30,456,unknown,resistance,6,7,2,10,Dorin
2024-07-11 11:41:29,457,resistance_soldier,resistance,8,2,8,8,Tholoth
2024-07-11 11:41:28,458,tie_silencer,resistance,5,1,7,9,Iridonia
2024-07-11 11:41:27,459,resistance_soldier,resistance,4,10,6,10,Champala
2024-07-11 11:41:26,460,at-st,resistance,6,5,3,3,Rodia
2024-07-11 11:41:25,461,x-wing,resistance,6,4,7,4,Rodia
2024-07-11 11:41:24,462,tie_fighter,resistance,3,4,2,3,Ryloth
2024-07-11 11:41:23,463,resistance_soldier,resistance,6,6,9,7,Mon Cala
2024-07-11 11:41:22,464,x-wing,resistance,9,10,10,7,Trandosha
2024-07-11 11:41:21,465,tie_silencer,resistance,5,5,3,10,Kalee
2024-07-11 11:41:20,466,tie_fighter,empire,8,7,9,7,Champala
2024-07-11 11:41:19,467,at-at,resistance,5,4,2,3,Ryloth
2024-07-11 11:41:18,468,resistance_soldier,empire,1,4,2,1,Tholoth
2024-07-11 11:41:17,469,unknown,resistance,4,9,5,1,Muunilinst
2024-07-11 11:41:16,470,resistance_soldier,empire,10,7,4,1,Kashyyyk
2024-07-11 11:41:15,471,tie_fighter,empire,3,2,6,10,Ojom
2024-07-11 11:41:14,472,tie_fighter,resistance,8,2,4,6,Iktotch
2024-07-11 11:41:13,473,resistance_soldier,empire,2,9,7,10,Skako
2024-07-11 11:41:12,474,resistance_soldier,empire,1,9,10,8,Tholoth
2024-07-11 11:41:11,475,stormtrooper,resistance,2,3,9,5,Kalee
2024-07-11 11:41:10,476,stormtrooper,empire,4,3,10,6,Rodia
2024-07-11 11:41:09,477,at-at,resistance,6,7,9,7,Mon Cala
2024-07-11 11:41:08,478,at-at,resistance,9,6,1,6,Toydaria
2024-07-11 11:41:07,479,at-at,resistance,4,2,8,9,Bestine IV
2024-07-11 11:41:06,480,tie_silencer,resistance,9,7,8,5,Glee Anselm
2024-07-11 11:41:05,481,x-wing,resistance,5,3,9,7,Dathomir
2024-07-11 11:41:04,482,x-wing,resistance,6,8,6,1,Corellia
2024-07-11 11:41:03,483,at-at,empire,4,4,1,9,Corellia
2024-07-11 11:41:02,484,at-st,resistance,9,8,10,4,Iktotch
2024-07-11 11:41:01,485,stormtrooper,resistance,8,5,9,5,Serenno
2024-07-11 11:41:00,486,unknown,empire,2,7,2,6,Haruun Kal
2024-07-11 11:40:59,487,tie_fighter,resistance,3,8,7,3,Dathomir
2024-07-11 11:40:58,488,stormtrooper,resistance,10,2,6,1,Dorin
2024-07-11 11:40:57,489,tie_fighter,empire,5,5,1,9,Mon Cala
2024-07-11 11:40:56,490,tie_silencer,resistance,8,6,3,4,Troiken
2024-07-11 11:40:55,491,resistance_soldier,resistance,1,6,5,2,Tund
2024-07-11 11:40:54,492,x-wing,empire,4,2,8,8,Quermia
2024-07-11 11:40:53,493,tie_fighter,resistance,6,7,8,8,Quermia
2024-07-11 11:40:52,494,x-wing,empire,6,1,8,10,Dathomir
2024-07-11 11:40:51,495,stormtrooper,empire,4,6,6,1,Chandrila
2024-07-11 11:40:50,496,unknown,empire,8,9,6,4,Alderaan
2024-07-11 11:40:49,497,at-st,resistance,1,4,3,7,Tholoth
2024-07-11 11:40:48,498,stormtrooper,empire,10,9,9,6,Malastare
2024-07-11 11:40:47,499,tie_fighter,empire,10,1,1,3,Dagobah
2024-07-11 11:40:46,500,resistance_soldier,empire,6,3,8,5,Skako
2024-07-11 11:40:45,501,stormtrooper,empire,7,10,6,2,Glee Anselm
2024-07-11 11:40:44,502,tie_fighter,resistance,8,7,2,5,Ojom
2024-07-11 11:40:43,503,at-st,empire,10,10,8,3,Naboo
2024-07-11 11:40:42,504,x-wing,empire,7,5,1,4,Socorro
2024-07-11 11:40:41,505,tie_silencer,empire,9,3,2,8,Kashyyyk
2024-07-11 11:40:40,506,tie_fighter,empire,1,8,6,10,Skako
2024-07-11 11:40:39,507,stormtrooper,resistance,1,5,7,5,Chandrila
2024-07-11 11:40:38,508,unknown,resistance,5,9,2,3,Toydaria
2024-07-11 11:40:37,509,resistance_soldier,empire,6,2,6,2,Alderaan
2024-07-11 11:40:36,510,stormtrooper,resistance,10,8,10,5,Ryloth
2024-07-11 11:40:35,511,stormtrooper,empire,7,1,4,9,Dorin
2024-07-11 11:40:34,512,unknown,resistance,3,9,8,2,Troiken
2024-07-11 11:40:33,513,resistance_soldier,resistance,2,6,7,6,Alderaan
2024-07-11 11:40:32,514,at-at,empire,8,3,4,10,Mirial
2024-07-11 11:40:31,515,tie_fighter,empire,1,7,2,4,Skako
2024-07-11 11:40:30,516,stormtrooper,empire,1,2,6,8,Naboo
2024-07-11 11:40:29,517,tie_fighter,empire,3,6,1,6,Tatooine
2024-07-11 11:40:28,518,unknown,empire,7,7,7,3,Troiken
2024-07-11 11:40:27,519,tie_silencer,empire,2,4,10,6,Haruun Kal
2024-07-11 11:40:26,520,tie_silencer,empire,5,6,8,4,Muunilinst
2024-07-11 11:40:25,521,x-wing,empire,7,4,10,7,Iktotch
2024-07-11 11:40:24,522,tie_silencer,empire,4,9,6,3,Troiken
2024-07-11 11:40:23,523,at-st,empire,1,1,9,9,Naboo
2024-07-11 11:40:22,524,unknown,resistance,10,5,1,7,Dathomir
2024-07-11 11:40:21,525,at-st,resistance,4,1,10,1,Cerea
2024-07-11 11:40:20,526,resistance_soldier,empire,5,9,7,1,Ryloth
2024-07-11 11:40:19,527,tie_silencer,empire,9,1,4,10,Dagobah
2024-07-11 11:40:18,528,resistance_soldier,resistance,1,3,2,1,Tund
2024-07-11 11:40:17,529,unknown,empire,2,1,4,10,Chandrila
2024-07-11 11:40:16,530,stormtrooper,resistance,7,3,5,1,Muunilinst
2024-07-11 11:40:15,531,unknown,empire,1,7,4,3,Naboo
2024-07-11 11:40:14,532,x-wing,resistance,5,1,1,5,Iktotch
2024-07-11 11:40:13,533,tie_silencer,empire,7,1,7,9,Tund
2024-07-11 11:40:12,534,stormtrooper,resistance,8,1,10,1,Shili
2024-07-11 11:40:11,535,at-st,resistance,9,6,3,8,Kashyyyk
2024-07-11 11:40:10,536,tie_fighter,empire,8,1,8,8,Socorro
2024-07-11 11:40:09,537,tie_silencer,resistance,9,8,10,10,Tatooine
2024-07-11 11:40:08,538,x-wing,empire,7,4,6,6,Cerea
2024-07-11 11:40:07,539,resistance_soldier,resistance,2,9,7,5,Kalee
2024-07-11 11:40:06,540,unknown,empire,2,2,5,6,Iktotch
2024-07-11 11:40:05,541,x-wing,empire,4,5,7,2,Umbara
2024-07-11 11:40:04,542,tie_silencer,empire,4,2,8,3,Dathomir
2024-07-11 11:40:03,543,unknown,resistance,6,8,3,5,Cerea
2024-07-11 11:40:02,544,resistance_soldier,empire,9,4,2,7,Ryloth
2024-07-11 11:40:01,545,stormtrooper,resistance,1,1,10,6,Dagobah
2024-07-11 11:40:00,546,tie_fighter,empire,7,6,1,1,Naboo
2024-07-11 11:39:59,547,stormtrooper,resistance,10,1,8,4,Kashyyyk
2024-07-11 11:39:58,548,tie_fighter,empire,10,5,9,5,Chandrila
2024-07-11 11:39:57,549,unknown,empire,4,7,5,3,Haruun Kal
2024-07-11 11:39:56,550,at-at,resistance,8,10,10,8,Kashyyyk
2024-07-11 11:39:55,551,stormtrooper,resistance,8,5,4,8,Kashyyyk
2024-07-11 11:39:54,552,x-wing,empire,7,6,2,1,Dagobah
2024-07-11 11:39:53,553,tie_fighter,resistance,8,6,10,10,Dagobah
2024-07-11 11:39:52,554,unknown,empire,8,4,4,6,Kalee
2024-07-11 11:39:51,555,x-wing,resistance,7,5,9,3,Umbara
2024-07-11 11:39:50,556,resistance_soldier,resistance,7,5,7,1,Ojom
2024-07-11 11:39:49,557,tie_fighter,resistance,6,4,9,4,Ryloth
2024-07-11 11:39:48,558,x-wing,resistance,7,5,1,5,Mon Cala
2024-07-11 11:39:47,559,resistance_soldier,resistance,6,4,1,7,Sullust
2024-07-11 11:39:46,560,unknown,resistance,3,1,10,6,Shili
2024-07-11 11:39:45,561,tie_silencer,resistance,5,3,1,3,Stewjon
2024-07-11 11:39:44,562,stormtrooper,empire,10,4,6,4,Umbara
2024-07-11 11:39:43,563,tie_fighter,empire,2,1,2,1,Zolan
2024-07-11 11:39:42,564,stormtrooper,resistance,10,8,6,9,Mon Cala
2024-07-11 11:39:41,565,at-st,resistance,1,2,10,2,Aleen Minor
2024-07-11 11:39:40,566,tie_silencer,resistance,9,7,2,3,Naboo
2024-07-11 11:39:39,567,tie_silencer,empire,3,9,5,8,Naboo
2024-07-11 11:39:38,568,at-at,resistance,1,3,2,6,Zolan
2024-07-11 11:39:37,569,x-wing,resistance,3,4,5,8,Eriadu
2024-07-11 11:39:36,570,tie_silencer,resistance,1,7,8,2,Quermia
2024-07-11 11:39:35,571,tie_fighter,empire,7,9,2,10,Chandrila
2024-07-11 11:39:34,572,resistance_soldier,empire,8,10,5,1,Serenno
2024-07-11 11:39:33,573,resistance_soldier,empire,7,4,4,2,Skako
2024-07-11 11:39:32,574,tie_silencer,resistance,8,7,7,3,Haruun Kal
2024-07-11 11:39:31,575,tie_fighter,resistance,4,3,6,3,Vulpter
2024-07-11 11:39:30,576,at-st,empire,9,4,8,10,Sullust
2024-07-11 11:39:29,577,stormtrooper,empire,3,5,10,6,Troiken
2024-07-11 11:39:28,578,x-wing,resistance,3,6,3,4,Kalee
2024-07-11 11:39:27,579,stormtrooper,empire,3,1,6,4,Iktotch
2024-07-11 11:39:26,580,unknown,resistance,4,3,1,3,Zolan
2024-07-11 11:39:25,581,tie_silencer,empire,2,3,2,8,Naboo
2024-07-11 11:39:24,582,tie_fighter,resistance,4,8,7,4,Umbara
2024-07-11 11:39:23,583,x-wing,resistance,3,4,10,2,Eriadu
2024-07-11 11:39:22,584,at-st,empire,6,1,7,4,Chandrila
2024-07-11 11:39:21,585,tie_fighter,resistance,4,5,9,3,Troiken
2024-07-11 11:39:20,586,stormtrooper,empire,10,9,7,2,Dagobah
2024-07-11 11:39:19,587,stormtrooper,resistance,7,7,3,10,Troiken
2024-07-11 11:39:18,588,resistance_soldier,empire,3,5,3,4,Corellia
2024-07-11 11:39:17,589,stormtrooper,empire,8,1,6,6,Skako
2024-07-11 11:39:16,590,stormtrooper,resistance,6,3,10,2,Quermia
2024-07-11 11:39:15,591,stormtrooper,empire,7,5,10,9,Malastare
2024-07-11 11:39:14,592,tie_fighter,empire,4,10,6,7,Zolan
2024-07-11 11:39:13,593,stormtrooper,resistance,4,5,3,6,Tund
2024-07-11 11:39:12,594,x-wing,empire,4,3,5,5,Tatooine
2024-07-11 11:39:11,595,at-at,resistance,9,3,7,4,Vulpter
2024-07-11 11:39:10,596,stormtrooper,empire,3,4,5,7,Rodia
2024-07-11 11:39:09,597,at-st,resistance,1,9,2,3,Quermia
2024-07-11 11:39:08,598,at-at,resistance,1,1,7,9,Ryloth
2024-07-11 11:39:07,599,stormtrooper,empire,9,6,1,7,Dorin
2024-07-11 11:39:06,600,resistance_soldier,resistance,8,8,2,8,Naboo
2024-07-11 11:39:05,601,x-wing,resistance,6,9,2,7,Eriadu
2024-07-11 11:39:04,602,resistance_soldier,resistance,7,4,6,2,Aleen Minor
2024-07-11 11:39:03,603,tie_silencer,empire,6,4,2,3,Corellia
2024-07-11 11:39:02,604,x-wing,empire,6,1,7,1,Dathomir
2024-07-11 11:39:01,605,resistance_soldier,resistance,7,2,10,1,Vulpter
2024-07-11 11:39:00,606,x-wing,empire,5,4,5,5,Iridonia
2024-07-11 11:38:59,607,unknown,resistance,7,9,1,1,Glee Anselm
2024-07-11 11:38:58,608,stormtrooper,empire,8,6,10,2,Umbara
2024-07-11 11:38:57,609,at-st,empire,5,3,10,9,Iktotch
2024-07-11 11:38:56,610,at-st,empire,5,5,5,7,Dorin
2024-07-11 11:38:55,611,resistance_soldier,empire,3,9,1,3,Tatooine
2024-07-11 11:38:54,612,at-at,resistance,7,6,2,10,Cerea
2024-07-11 11:38:53,613,at-st,empire,4,1,2,1,Vulpter
2024-07-11 11:38:52,614,stormtrooper,empire,4,8,8,4,Muunilinst
2024-07-11 11:38:51,615,tie_fighter,resistance,4,10,7,4,Socorro
2024-07-11 11:38:50,616,x-wing,resistance,3,9,3,9,Tatooine
2024-07-11 11:38:49,617,stormtrooper,resistance,2,7,9,9,Iridonia
2024-07-11 11:38:48,618,at-at,resistance,9,3,7,5,Vulpter
2024-07-11 11:38:47,619,at-at,resistance,10,9,6,8,Corellia
2024-07-11 11:38:46,620,tie_fighter,empire,2,2,1,1,Chandrila
2024-07-11 11:38:45,621,at-at,empire,6,1,4,9,Kalee
2024-07-11 11:38:44,622,unknown,empire,1,3,4,5,Tholoth
2024-07-11 11:38:43,623,tie_silencer,empire,3,9,7,5,Kalee
2024-07-11 11:38:42,624,at-st,resistance,3,6,4,1,Iridonia
2024-07-11 11:38:41,625,at-at,empire,9,3,9,4,Malastare
2024-07-11 11:38:40,626,x-wing,resistance,3,3,4,3,Chandrila
2024-07-11 11:38:39,627,resistance_soldier,resistance,7,7,3,2,Iktotch
2024-07-11 11:38:38,628,at-at,empire,4,6,8,7,Zolan
2024-07-11 11:38:37,629,x-wing,empire,1,1,2,10,Naboo
2024-07-11 11:38:36,630,x-wing,resistance,1,9,3,4,Socorro
2024-07-11 11:38:35,631,tie_fighter,resistance,1,9,9,8,Concord Dawn
2024-07-11 11:38:34,632,stormtrooper,resistance,4,4,1,9,Stewjon
2024-07-11 11:38:33,633,unknown,resistance,4,7,3,2,Champala
2024-07-11 11:38:32,634,tie_fighter,empire,7,4,6,7,Alderaan
2024-07-11 11:38:31,635,stormtrooper,empire,6,1,7,7,Zolan
2024-07-11 11:38:30,636,at-st,resistance,9,3,7,2,Sullust
2024-07-11 11:38:29,637,unknown,empire,10,8,2,3,Troiken
2024-07-11 11:38:28,638,x-wing,empire,1,6,2,7,Mon Cala
2024-07-11 11:38:27,639,tie_silencer,empire,8,7,2,8,Iridonia
2024-07-11 11:38:26,640,at-st,resistance,5,9,9,1,Shili
2024-07-11 11:38:25,641,unknown,empire,2,1,1,10,Champala
2024-07-11 11:38:24,642,resistance_soldier,resistance,2,1,10,7,Dagobah
2024-07-11 11:38:23,643,tie_silencer,resistance,2,6,3,2,Glee Anselm
2024-07-11 11:38:22,644,resistance_soldier,resistance,8,5,6,10,Iridonia
2024-07-11 11:38:21,645,at-st,empire,2,6,2,7,Bestine IV
2024-07-11 11:38:20,646,stormtrooper,empire,3,4,5,9,Haruun Kal
2024-07-11 11:38:19,647,at-st,empire,3,6,4,10,Ryloth
2024-07-11 11:38:18,648,tie_fighter,empire,2,1,3,6,Naboo
2024-07-11 11:38:17,649,tie_fighter,resistance,4,10,3,3,Chandrila
2024-07-11 11:38:16,650,at-at,empire,7,4,8,8,Kashyyyk
2024-07-11 11:38:15,651,stormtrooper,empire,2,10,4,2,Chandrila
2024-07-11 11:38:14,652,at-st,empire,10,2,4,6,Kashyyyk
2024-07-11 11:38:13,653,resistance_soldier,empire,1,9,7,4,Dagobah
2024-07-11 11:38:12,654,at-st,empire,3,1,5,4,Ryloth
2024-07-11 11:38:11,655,x-wing,resistance,9,7,7,6,Malastare
2024-07-11 11:38:10,656,at-at,resistance,1,6,7,9,Dathomir
2024-07-11 11:38:09,657,at-at,resistance,9,6,5,8,Naboo
2024-07-11 11:38:08,658,x-wing,resistance,8,4,8,8,Naboo
2024-07-11 11:38:07,659,resistance_soldier,resistance,5,6,7,9,Aleen Minor
2024-07-11 11:38:06,660,unknown,empire,10,4,9,5,Troiken
2024-07-11 11:38:05,661,tie_silencer,resistance,1,9,10,9,Aleen Minor
2024-07-11 11:38:04,662,x-wing,empire,7,7,5,4,Champala
2024-07-11 11:38:03,663,resistance_soldier,empire,8,7,1,1,Shili
2024-07-11 11:38:02,664,tie_fighter,empire,8,7,6,10,Sullust
2024-07-11 11:38:01,665,tie_fighter,empire,9,1,7,5,Muunilinst
2024-07-11 11:38:00,666,x-wing,resistance,5,2,7,9,Toydaria
2024-07-11 11:37:59,667,x-wing,resistance,7,8,8,5,Cerea
2024-07-11 11:37:58,668,unknown,empire,5,1,10,6,Ojom
2024-07-11 11:37:57,669,tie_fighter,resistance,1,5,4,7,Kashyyyk
2024-07-11 11:37:56,670,resistance_soldier,empire,10,8,3,7,Iridonia
2024-07-11 11:37:55,671,resistance_soldier,empire,7,9,6,3,Chandrila
2024-07-11 11:37:54,672,tie_fighter,empire,2,3,5,9,Tatooine
2024-07-11 11:37:53,673,resistance_soldier,resistance,3,2,10,8,Chandrila
2024-07-11 11:37:52,674,stormtrooper,empire,7,8,7,9,Naboo
2024-07-11 11:37:51,675,at-st,empire,7,3,9,10,Ojom
2024-07-11 11:37:50,676,resistance_soldier,resistance,8,9,2,9,Glee Anselm
2024-07-11 11:37:49,677,x-wing,empire,1,1,3,2,Mon Cala
2024-07-11 11:37:48,678,stormtrooper,resistance,1,5,1,6,Vulpter
2024-07-11 11:37:47,679,x-wing,empire,2,9,5,3,Iridonia
2024-07-11 11:37:46,680,stormtrooper,resistance,6,4,3,2,Iridonia
2024-07-11 11:37:45,681,x-wing,resistance,7,8,8,10,Dathomir
2024-07-11 11:37:44,682,at-st,empire,6,2,6,2,Vulpter
2024-07-11 11:37:43,683,resistance_soldier,empire,10,10,7,4,Ryloth
2024-07-11 11:37:42,684,at-st,empire,10,9,4,8,Haruun Kal
2024-07-11 11:37:41,685,at-st,resistance,1,6,1,1,Iktotch
2024-07-11 11:37:40,686,resistance_soldier,resistance,10,4,2,10,Sullust
2024-07-11 11:37:39,687,tie_fighter,empire,3,10,8,10,Alderaan
2024-07-11 11:37:38,688,stormtrooper,resistance,9,7,6,1,Quermia
2024-07-11 11:37:37,689,x-wing,resistance,3,5,1,10,Dagobah
2024-07-11 11:37:36,690,unknown,empire,1,8,8,5,Eriadu
2024-07-11 11:37:35,691,stormtrooper,empire,10,3,3,10,Shili
2024-07-11 11:37:34,692,tie_silencer,empire,8,7,8,1,Ryloth
2024-07-11 11:37:33,693,resistance_soldier,empire,1,4,5,5,Aleen Minor
2024-07-11 11:37:32,694,stormtrooper,resistance,1,7,6,3,Alderaan
2024-07-11 11:37:31,695,unknown,empire,6,1,1,3,Bestine IV
2024-07-11 11:37:30,696,tie_fighter,resistance,6,3,9,5,Aleen Minor
2024-07-11 11:37:29,697,unknown,empire,8,3,5,9,Kashyyyk
2024-07-11 11:37:28,698,at-at,empire,5,6,9,4,Rodia
2024-07-11 11:37:27,699,tie_silencer,empire,2,1,10,4,Alderaan
2024-07-11 11:37:26,700,resistance_soldier,resistance,4,8,6,1,Aleen Minor
2024-07-11 11:37:25,701,tie_fighter,resistance,9,7,2,8,Glee Anselm
2024-07-11 11:37:24,702,unknown,empire,4,6,6,5,Ojom
2024-07-11 11:37:23,703,tie_silencer,empire,9,4,8,10,Dathomir
2024-07-11 11:37:22,704,at-st,empire,10,8,3,6,Muunilinst
2024-07-11 11:37:21,705,at-at,empire,1,8,10,3,Chandrila
2024-07-11 11:37:20,706,unknown,empire,7,2,3,3,Glee Anselm
2024-07-11 11:37:19,707,unknown,empire,2,9,10,3,Tund
2024-07-11 11:37:18,708,at-st,resistance,7,10,5,8,Kalee
2024-07-11 11:37:17,709,unknown,resistance,4,4,2,9,Serenno
2024-07-11 11:37:16,710,tie_silencer,empire,3,7,10,7,Tholoth
2024-07-11 11:37:15,711,tie_fighter,resistance,2,8,8,8,Stewjon
2024-07-11 11:37:14,712,tie_fighter,resistance,8,7,5,4,Quermia
2024-07-11 11:37:13,713,at-at,empire,5,3,2,6,Haruun Kal
2024-07-11 11:37:12,714,at-st,resistance,7,6,5,9,Rodia
2024-07-11 11:37:11,715,tie_fighter,empire,6,9,6,10,Shili
2024-07-11 11:37:10,716,stormtrooper,resistance,3,5,6,3,Concord Dawn
2024-07-11 11:37:09,717,at-at,empire,8,9,9,9,Mirial
2024-07-11 11:37:08,718,stormtrooper,empire,10,2,7,9,Zolan
2024-07-11 11:37:07,719,unknown,empire,6,6,2,1,Toydaria
2024-07-11 11:37:06,720,stormtrooper,resistance,6,2,4,1,Rodia
2024-07-11 11:37:05,721,at-at,empire,8,6,10,2,Serenno
2024-07-11 11:37:04,722,x-wing,resistance,7,10,5,4,Muunilinst
2024-07-11 11:37:03,723,x-wing,empire,8,6,1,7,Toydaria
2024-07-11 11:37:02,724,stormtrooper,empire,3,3,8,2,Tatooine
2024-07-11 11:37:01,725,at-st,empire,8,8,9,9,Iridonia
2024-07-11 11:37:00,726,tie_silencer,resistance,3,10,4,6,Champala
2024-07-11 11:36:59,727,unknown,empire,1,9,9,2,Dathomir
2024-07-11 11:36:58,728,tie_fighter,resistance,5,7,10,4,Troiken
2024-07-11 11:36:57,729,unknown,empire,10,5,2,5,Zolan
2024-07-11 11:36:56,730,stormtrooper,empire,6,5,4,7,Chandrila
2024-07-11 11:36:55,731,tie_silencer,empire,8,8,8,4,Alderaan
2024-07-11 11:36:54,732,x-wing,empire,8,3,2,5,Skako
2024-07-11 11:36:53,733,stormtrooper,resistance,10,9,8,6,Shili
2024-07-11 11:36:52,734,resistance_soldier,empire,3,9,4,5,Mirial
2024-07-11 11:36:51,735,resistance_soldier,resistance,5,1,9,2,Rodia
2024-07-11 11:36:50,736,tie_fighter,resistance,9,5,10,7,Trandosha
2024-07-11 11:36:49,737,tie_silencer,resistance,6,4,2,5,Mon Cala
2024-07-11 11:36:48,738,unknown,resistance,9,4,4,3,Vulpter
2024-07-11 11:36:47,739,tie_fighter,empire,3,6,5,2,Cerea
2024-07-11 11:36:46,740,unknown,resistance,1,4,3,9,Toydaria
2024-07-11 11:36:45,741,unknown,empire,6,5,2,2,Dathomir
2024-07-11 11:36:44,742,unknown,resistance,9,10,1,8,Dagobah
2024-07-11 11:36:43,743,unknown,empire,6,9,7,7,Stewjon
2024-07-11 11:36:42,744,resistance_soldier,resistance,1,8,4,3,Aleen Minor
2024-07-11 11:36:41,745,at-at,resistance,5,8,8,2,Tatooine
2024-07-11 11:36:40,746,at-at,empire,5,1,5,3,Rodia
2024-07-11 11:36:39,747,resistance_soldier,empire,7,8,9,5,Mon Cala
2024-07-11 11:36:38,748,at-at,resistance,3,8,9,4,Muunilinst
2024-07-11 11:36:37,749,tie_fighter,empire,5,1,8,2,Sullust
2024-07-11 11:36:36,750,at-st,resistance,2,1,2,7,Ojom
2024-07-11 11:36:35,751,stormtrooper,empire,3,2,4,7,Glee Anselm
2024-07-11 11:36:34,752,tie_fighter,resistance,5,6,9,1,Quermia
2024-07-11 11:36:33,753,tie_silencer,empire,6,7,10,3,Stewjon
2024-07-11 11:36:32,754,at-st,empire,6,5,6,10,Chandrila
2024-07-11 11:36:31,755,tie_fighter,empire,3,4,3,9,Vulpter
2024-07-11 11:36:30,756,unknown,resistance,8,7,9,9,Tatooine
2024-07-11 11:36:29,757,at-st,empire,2,8,8,1,Corellia
2024-07-11 11:36:28,758,at-st,empire,10,8,10,4,Umbara
2024-07-11 11:36:27,759,at-at,resistance,5,7,9,2,Vulpter
2024-07-11 11:36:26,760,tie_fighter,empire,4,8,6,4,Corellia
2024-07-11 11:36:25,761,at-at,empire,10,10,1,6,Dagobah
2024-07-11 11:36:24,762,tie_silencer,resistance,6,3,10,4,Toydaria
2024-07-11 11:36:23,763,tie_silencer,resistance,2,9,1,4,Malastare
2024-07-11 11:36:22,764,at-st,resistance,10,2,4,8,Rodia
2024-07-11 11:36:21,765,tie_silencer,resistance,4,1,6,7,Muunilinst
2024-07-11 11:36:20,766,at-st,empire,6,6,2,7,Eriadu
2024-07-11 11:36:19,767,unknown,resistance,10,1,7,9,Dathomir
2024-07-11 11:36:18,768,at-at,resistance,1,10,10,3,Quermia
2024-07-11 11:36:17,769,x-wing,resistance,2,8,3,10,Shili
2024-07-11 11:36:16,770,at-st,empire,8,9,6,5,Dorin
2024-07-11 11:36:15,771,stormtrooper,resistance,4,8,2,8,Eriadu
2024-07-11 11:36:14,772,at-at,resistance,7,2,4,6,Umbara
2024-07-11 11:36:13,773,tie_silencer,resistance,5,1,1,2,Tholoth
2024-07-11 11:36:12,774,at-st,empire,5,6,1,5,Naboo
2024-07-11 11:36:11,775,tie_silencer,empire,6,1,8,5,Naboo
2024-07-11 11:36:10,776,tie_silencer,resistance,10,2,1,6,Kalee
2024-07-11 11:36:09,777,at-st,empire,8,6,7,1,Corellia
2024-07-11 11:36:08,778,x-wing,empire,7,10,9,2,Vulpter
2024-07-11 11:36:07,779,tie_silencer,resistance,6,6,2,7,Champala
2024-07-11 11:36:06,780,at-at,empire,6,7,7,4,Kalee
2024-07-11 11:36:05,781,unknown,resistance,8,6,5,1,Iktotch
2024-07-11 11:36:04,782,tie_silencer,empire,5,1,9,4,Umbara
2024-07-11 11:36:03,783,tie_silencer,resistance,3,10,5,8,Skako
2024-07-11 11:36:02,784,x-wing,resistance,4,1,1,7,Tholoth
2024-07-11 11:36:01,785,unknown,empire,4,3,7,7,Naboo
2024-07-11 11:36:00,786,resistance_soldier,resistance,1,7,6,2,Naboo
2024-07-11 11:35:59,787,tie_silencer,empire,9,6,1,5,Kashyyyk
2024-07-11 11:35:58,788,tie_silencer,empire,10,4,5,2,Shili
2024-07-11 11:35:57,789,resistance_soldier,resistance,2,1,2,7,Tund
2024-07-11 11:35:56,790,at-at,resistance,6,4,6,10,Mirial
2024-07-11 11:35:55,791,x-wing,empire,10,6,9,5,Aleen Minor
2024-07-11 11:35:54,792,x-wing,resistance,7,2,3,9,Kashyyyk
2024-07-11 11:35:53,793,resistance_soldier,empire,6,4,4,10,Tholoth
2024-07-11 11:35:52,794,resistance_soldier,empire,2,8,3,2,Vulpter
2024-07-11 11:35:51,795,at-st,empire,9,2,9,9,Zolan
2024-07-11 11:35:50,796,x-wing,empire,3,8,3,9,Ojom
2024-07-11 11:35:49,797,tie_silencer,resistance,4,8,5,2,Iktotch
2024-07-11 11:35:48,798,tie_fighter,empire,8,7,4,8,Kashyyyk
2024-07-11 11:35:47,799,unknown,empire,2,1,3,3,Tatooine
2024-07-11 11:35:46,800,resistance_soldier,resistance,7,4,6,10,Shili
2024-07-11 11:35:45,801,tie_fighter,resistance,2,9,1,7,Iridonia
2024-07-11 11:35:44,802,unknown,resistance,6,2,6,2,Ojom
2024-07-11 11:35:43,803,x-wing,empire,7,8,5,5,Malastare
2024-07-11 11:35:42,804,resistance_soldier,resistance,8,9,6,3,Troiken
2024-07-11 11:35:41,805,unknown,empire,4,5,8,2,Muunilinst
2024-07-11 11:35:40,806,x-wing,empire,6,9,8,5,Ryloth
2024-07-11 11:35:39,807,at-at,empire,6,10,1,2,Vulpter
2024-07-11 11:35:38,808,tie_fighter,resistance,6,1,5,8,Eriadu
2024-07-11 11:35:37,809,unknown,resistance,5,8,9,10,Ojom
2024-07-11 11:35:36,810,at-st,resistance,4,5,2,4,Haruun Kal
2024-07-11 11:35:35,811,unknown,resistance,3,9,1,10,Concord Dawn
2024-07-11 11:35:34,812,x-wing,resistance,5,1,6,8,Corellia
2024-07-11 11:35:33,813,resistance_soldier,resistance,4,5,10,8,Naboo
2024-07-11 11:35:32,814,x-wing,resistance,7,7,9,10,Umbara
2024-07-11 11:35:31,815,x-wing,empire,1,5,1,2,Tholoth
2024-07-11 11:35:30,816,stormtrooper,resistance,4,10,5,3,Stewjon
2024-07-11 11:35:29,817,unknown,empire,4,1,4,7,Glee Anselm
2024-07-11 11:35:28,818,tie_silencer,resistance,5,8,10,2,Haruun Kal
2024-07-11 11:35:27,819,at-st,resistance,8,7,7,4,Tund
2024-07-11 11:35:26,820,tie_fighter,empire,7,7,9,9,Muunilinst
2024-07-11 11:35:25,821,resistance_soldier,resistance,8,1,5,10,Tholoth
2024-07-11 11:35:24,822,tie_silencer,resistance,2,8,10,8,Dagobah
2024-07-11 11:35:23,823,tie_fighter,resistance,9,7,10,6,Aleen Minor
2024-07-11 11:35:22,824,at-st,empire,4,7,2,9,Haruun Kal
2024-07-11 11:35:21,825,tie_silencer,empire,6,7,7,10,Kashyyyk
2024-07-11 11:35:20,826,stormtrooper,empire,1,9,7,2,Alderaan
2024-07-11 11:35:19,827,stormtrooper,resistance,8,7,10,9,Troiken
2024-07-11 11:35:18,828,tie_fighter,resistance,8,6,8,3,Haruun Kal
2024-07-11 11:35:17,829,at-at,empire,8,1,4,7,Champala
2024-07-11 11:35:16,830,at-st,empire,2,3,1,10,Ryloth
2024-07-11 11:35:15,831,x-wing,resistance,8,1,10,10,Alderaan
2024-07-11 11:35:14,832,unknown,resistance,3,9,3,8,Mirial
2024-07-11 11:35:13,833,tie_fighter,empire,5,7,1,4,Eriadu
2024-07-11 11:35:12,834,resistance_soldier,empire,2,3,2,6,Ojom
2024-07-11 11:35:11,835,stormtrooper,resistance,1,6,3,10,Iridonia
2024-07-11 11:35:10,836,tie_fighter,empire,9,5,2,6,Tholoth
2024-07-11 11:35:09,837,x-wing,empire,2,8,5,1,Troiken
2024-07-11 11:35:08,838,at-at,empire,5,8,7,9,Skako
2024-07-11 11:35:07,839,at-st,resistance,7,5,3,6,Ryloth
2024-07-11 11:35:06,840,x-wing,resistance,4,3,4,9,Skako
2024-07-11 11:35:05,841,tie_silencer,resistance,2,5,7,7,Stewjon
2024-07-11 11:35:04,842,tie_silencer,resistance,7,3,4,7,Skako
2024-07-11 11:35:03,843,tie_fighter,empire,9,7,6,5,Iktotch
2024-07-11 11:35:02,844,stormtrooper,resistance,4,2,3,5,Skako
2024-07-11 11:35:01,845,tie_fighter,resistance,3,1,6,1,Haruun Kal
2024-07-11 11:35:00,846,at-st,empire,1,4,8,4,Tholoth
2024-07-11 11:34:59,847,resistance_soldier,resistance,2,9,3,3,Mirial
2024-07-11 11:34:58,848,resistance_soldier,resistance,5,10,6,6,Mirial
2024-07-11 11:34:57,849,at-at,empire,1,9,7,6,Chandrila
2024-07-11 11:34:56,850,tie_fighter,empire,5,2,7,1,Toydaria
2024-07-11 11:34:55,851,at-st,resistance,10,5,7,5,Troiken
2024-07-11 11:34:54,852,resistance_soldier,empire,1,5,5,5,Quermia
2024-07-11 11:34:53,853,unknown,empire,3,1,7,6,Umbara
2024-07-11 11:34:52,854,unknown,empire,4,1,5,3,Dorin
2024-07-11 11:34:51,855,tie_silencer,empire,3,6,6,9,Dagobah
2024-07-11 11:34:50,856,x-wing,empire,4,6,10,3,Concord Dawn
2024-07-11 11:34:49,857,stormtrooper,empire,4,9,1,1,Corellia
2024-07-11 11:34:48,858,unknown,resistance,3,5,3,8,Iktotch
2024-07-11 11:34:47,859,at-at,empire,2,10,8,6,Rodia
2024-07-11 11:34:46,860,resistance_soldier,empire,1,2,8,8,Ryloth
2024-07-11 11:34:45,861,at-st,resistance,10,8,4,3,Troiken
2024-07-11 11:34:44,862,x-wing,empire,10,3,3,10,Dathomir
2024-07-11 11:34:43,863,at-at,empire,5,5,3,10,Vulpter
2024-07-11 11:34:42,864,x-wing,resistance,7,5,6,2,Alderaan
2024-07-11 11:34:41,865,unknown,resistance,1,5,1,9,Umbara
2024-07-11 11:34:40,866,unknown,resistance,4,3,7,1,Rodia
2024-07-11 11:34:39,867,tie_silencer,empire,10,3,2,2,Tund
2024-07-11 11:34:38,868,x-wing,resistance,3,1,7,2,Skako
2024-07-11 11:34:37,869,resistance_soldier,empire,10,4,3,1,Malastare
2024-07-11 11:34:36,870,unknown,resistance,3,3,10,4,Ojom
2024-07-11 11:34:35,871,stormtrooper,empire,2,8,3,6,Tund
2024-07-11 11:34:34,872,at-st,resistance,5,4,3,5,Eriadu
2024-07-11 11:34:33,873,unknown,empire,1,9,4,2,Vulpter
2024-07-11 11:34:32,874,stormtrooper,empire,6,3,8,6,Quermia
2024-07-11 11:34:31,875,tie_silencer,resistance,5,6,7,6,Tund
2024-07-11 11:34:30,876,tie_silencer,empire,7,9,7,5,Dorin
2024-07-11 11:34:29,877,at-st,empire,9,2,2,6,Malastare
2024-07-11 11:34:28,878,resistance_soldier,empire,6,4,7,6,Rodia
2024-07-11 11:34:27,879,at-st,resistance,6,4,1,4,Concord Dawn
2024-07-11 11:34:26,880,resistance_soldier,resistance,1,8,1,1,Champala
2024-07-11 11:34:25,881,unknown,empire,1,2,9,9,Zolan
2024-07-11 11:34:24,882,resistance_soldier,resistance,8,6,9,3,Toydaria
2024-07-11 11:34:23,883,at-at,resistance,2,10,4,6,Dorin
2024-07-11 11:34:22,884,tie_fighter,resistance,4,6,3,2,Tund
2024-07-11 11:34:21,885,tie_silencer,empire,3,7,7,8,Serenno
2024-07-11 11:34:20,886,stormtrooper,empire,5,10,1,9,Eriadu
2024-07-11 11:34:19,887,stormtrooper,empire,10,5,5,2,Quermia
2024-07-11 11:34:18,888,unknown,empire,9,5,6,2,Mon Cala
2024-07-11 11:34:17,889,at-at,resistance,1,6,10,2,Dagobah
2024-07-11 11:34:16,890,at-at,resistance,10,4,5,9,Cerea
2024-07-11 11:34:15,891,tie_fighter,resistance,9,1,7,2,Toydaria
2024-07-11 11:34:14,892,resistance_soldier,empire,1,3,10,8,Bestine IV
2024-07-11 11:34:13,893,unknown,empire,10,2,1,8,Alderaan
2024-07-11 11:34:12,894,tie_fighter,resistance,10,6,9,8,Socorro
2024-07-11 11:34:11,895,unknown,resistance,8,9,8,2,Muunilinst
2024-07-11 11:34:10,896,at-st,resistance,5,4,7,9,Zolan
2024-07-11 11:34:09,897,resistance_soldier,empire,8,3,4,1,Naboo
2024-07-11 11:34:08,898,resistance_soldier,resistance,10,6,2,7,Tholoth
2024-07-11 11:34:07,899,unknown,empire,1,5,1,7,Socorro
2024-07-11 11:34:06,900,unknown,resistance,6,8,9,7,Champala
2024-07-11 11:34:05,901,at-st,resistance,5,9,4,5,Dorin
2024-07-11 11:34:04,902,x-wing,empire,10,5,9,3,Dathomir
2024-07-11 11:34:03,903,resistance_soldier,empire,2,3,1,3,Champala
2024-07-11 11:34:02,904,x-wing,resistance,1,5,10,9,Tholoth
2024-07-11 11:34:01,905,tie_fighter,empire,9,2,10,1,Mon Cala
2024-07-11 11:34:00,906,at-st,empire,6,1,7,5,Aleen Minor
2024-07-11 11:33:59,907,resistance_soldier,resistance,3,4,4,6,Bestine IV
2024-07-11 11:33:58,908,resistance_soldier,empire,10,10,9,1,Tund
2024-07-11 11:33:57,909,unknown,resistance,5,10,3,4,Haruun Kal
2024-07-11 11:33:56,910,unknown,resistance,10,7,10,8,Bestine IV
2024-07-11 11:33:55,911,tie_silencer,resistance,5,5,10,5,Rodia
2024-07-11 11:33:54,912,at-st,resistance,4,3,5,10,Kalee
2024-07-11 11:33:53,913,tie_fighter,empire,5,1,2,1,Dagobah
2024-07-11 11:33:52,914,tie_silencer,empire,8,2,5,1,Naboo
2024-07-11 11:33:51,915,stormtrooper,empire,10,9,5,7,Tund
2024-07-11 11:33:50,916,at-st,resistance,9,5,6,8,Cerea
2024-07-11 11:33:49,917,at-st,resistance,9,1,3,8,Zolan
2024-07-11 11:33:48,918,tie_fighter,empire,4,1,6,7,Aleen Minor
2024-07-11 11:33:47,919,at-st,empire,10,7,7,4,Skako
2024-07-11 11:33:46,920,unknown,empire,10,8,10,6,Iktotch
2024-07-11 11:33:45,921,stormtrooper,resistance,9,10,5,5,Glee Anselm
2024-07-11 11:33:44,922,stormtrooper,resistance,2,4,6,3,Skako
2024-07-11 11:33:43,923,at-at,resistance,4,7,8,5,Dagobah
2024-07-11 11:33:42,924,tie_fighter,resistance,2,10,8,2,Mon Cala
2024-07-11 11:33:41,925,at-at,resistance,1,4,10,7,Umbara
2024-07-11 11:33:40,926,unknown,empire,10,6,1,2,Tund
2024-07-11 11:33:39,927,stormtrooper,empire,4,10,2,1,Serenno
2024-07-11 11:33:38,928,at-at,resistance,7,3,1,3,Kashyyyk
2024-07-11 11:33:37,929,at-at,resistance,4,7,1,4,Alderaan
2024-07-11 11:33:36,930,at-at,empire,8,1,1,4,Aleen Minor
2024-07-11 11:33:35,931,at-st,empire,3,3,8,9,Naboo
2024-07-11 11:33:34,932,x-wing,empire,3,1,8,10,Alderaan
2024-07-11 11:33:33,933,tie_silencer,resistance,5,2,2,4,Vulpter
2024-07-11 11:33:32,934,at-at,empire,3,9,2,7,Tatooine
2024-07-11 11:33:31,935,at-st,empire,10,5,10,4,Iridonia
2024-07-11 11:33:30,936,x-wing,empire,9,3,8,3,Mon Cala
2024-07-11 11:33:29,937,at-at,resistance,1,6,5,1,Kashyyyk
2024-07-11 11:33:28,938,stormtrooper,resistance,3,2,6,10,Alderaan
2024-07-11 11:33:27,939,tie_fighter,resistance,9,5,3,1,Serenno
2024-07-11 11:33:26,940,x-wing,empire,6,2,9,10,Tholoth
2024-07-11 11:33:25,941,stormtrooper,empire,3,10,1,10,Toydaria
2024-07-11 11:33:24,942,tie_fighter,empire,6,2,7,5,Eriadu
2024-07-11 11:33:23,943,at-at,empire,2,4,2,9,Eriadu
2024-07-11 11:33:22,944,at-st,empire,3,4,1,7,Ojom
2024-07-11 11:33:21,945,stormtrooper,resistance,2,2,5,4,Sullust
2024-07-11 11:33:20,946,at-st,empire,9,1,9,10,Skako
2024-07-11 11:33:19,947,resistance_soldier,empire,10,10,6,3,Haruun Kal
2024-07-11 11:33:18,948,unknown,resistance,6,5,2,6,Malastare
2024-07-11 11:33:17,949,at-at,empire,1,1,8,6,Mon Cala
2024-07-11 11:33:16,950,unknown,resistance,2,10,9,9,Umbara
2024-07-11 11:33:15,951,x-wing,resistance,6,1,6,10,Quermia
2024-07-11 11:33:14,952,at-st,empire,2,1,10,9,Naboo
2024-07-11 11:33:13,953,x-wing,resistance,7,9,7,4,Champala
2024-07-11 11:33:12,954,at-st,resistance,4,9,9,2,Alderaan
2024-07-11 11:33:11,955,at-at,empire,10,6,7,7,Shili
2024-07-11 11:33:10,956,unknown,empire,5,8,9,5,Eriadu
2024-07-11 11:33:09,957,at-at,resistance,1,4,8,1,Muunilinst
2024-07-11 11:33:08,958,stormtrooper,empire,4,5,6,6,Umbara
2024-07-11 11:33:07,959,at-st,resistance,8,3,6,3,Toydaria
2024-07-11 11:33:06,960,tie_fighter,empire,3,1,8,6,Dorin
2024-07-11 11:33:05,961,x-wing,resistance,7,4,6,6,Tholoth
2024-07-11 11:33:04,962,stormtrooper,resistance,5,7,6,3,Socorro
2024-07-11 11:33:03,963,stormtrooper,resistance,6,4,7,8,Umbara
2024-07-11 11:33:02,964,tie_fighter,empire,8,9,5,8,Quermia
2024-07-11 11:33:01,965,unknown,empire,7,2,1,2,Stewjon
2024-07-11 11:33:00,966,at-st,resistance,3,3,6,8,Vulpter
2024-07-11 11:32:59,967,at-at,empire,10,7,2,10,Kashyyyk
2024-07-11 11:32:58,968,tie_silencer,resistance,1,10,1,7,Cerea
2024-07-11 11:32:57,969,tie_fighter,empire,10,10,6,1,Eriadu
2024-07-11 11:32:56,970,tie_fighter,resistance,2,8,7,10,Tholoth
2024-07-11 11:32:55,971,resistance_soldier,resistance,7,9,9,10,Socorro
2024-07-11 11:32:54,972,unknown,empire,9,4,4,10,Troiken
2024-07-11 11:32:53,973,stormtrooper,resistance,3,9,6,1,Dathomir
2024-07-11 11:32:52,974,at-at,resistance,5,10,7,1,Kalee
2024-07-11 11:32:51,975,x-wing,resistance,10,7,9,5,Ryloth
2024-07-11 11:32:50,976,x-wing,empire,8,2,1,9,Toydaria
2024-07-11 11:32:49,977,stormtrooper,empire,3,8,4,6,Bestine IV
2024-07-11 11:32:48,978,at-at,empire,9,4,5,1,Haruun Kal
2024-07-11 11:32:47,979,stormtrooper,empire,6,9,8,7,Aleen Minor
2024-07-11 11:32:46,980,resistance_soldier,empire,1,3,6,6,Concord Dawn
2024-07-11 11:32:45,981,at-st,resistance,1,8,3,3,Dorin
2024-07-11 11:32:44,982,at-st,resistance,3,9,10,3,Vulpter
2024-07-11 11:32:43,983,tie_fighter,resistance,7,4,10,4,Chandrila
2024-07-11 11:32:42,984,tie_silencer,resistance,5,1,4,8,Ojom
2024-07-11 11:32:41,985,at-st,resistance,1,2,2,10,Glee Anselm
2024-07-11 11:32:40,986,at-at,resistance,10,3,7,6,Aleen Minor
2024-07-11 11:32:39,987,x-wing,resistance,5,5,9,2,Tatooine
2024-07-11 11:32:38,988,at-at,resistance,6,3,9,3,Eriadu
2024-07-11 11:32:37,989,resistance_soldier,empire,8,9,6,9,Troiken
2024-07-11 11:32:36,990,tie_fighter,resistance,5,6,7,7,Dathomir
2024-07-11 11:32:35,991,at-st,resistance,7,6,9,5,Sullust
2024-07-11 11:32:34,992,stormtrooper,empire,2,8,10,6,Tund
2024-07-11 11:32:33,993,at-at,resistance,1,2,10,4,Trandosha
2024-07-11 11:32:32,994,tie_fighter,resistance,6,10,7,3,Quermia
2024-07-11 11:32:31,995,tie_fighter,empire,2,5,5,8,Mirial
2024-07-11 11:32:30,996,at-st,resistance,7,10,7,7,Umbara
2024-07-11 11:32:29,997,tie_silencer,empire,8,5,7,9,Champala
2024-07-11 11:32:28,998,unknown,resistance,4,3,3,7,Skako
2024-07-11 11:32:27,999,tie_silencer,resistance,6,4,4,3,Zolan
2024-07-11 11:32:26,1000,at-st,empire,8,8,2,9,Serenno
